File Name,Signature Text,Legibility Rating (1–5),Comments / Notes,File Name,Anthony - Legible or Illegible,Assigned Number,Anthony - Type Name,Average,Final Assignment
sig001.jpg,Ruma Jy,3,Stylized cursive; last name abbreviated/unclear,sig001.jpg,Illegible,1,Rudy,2,Illegible
sig002.jpg,B. Navya,4,Clear initials and first name; good spacing,sig002.jpg,Legible,5,B. Navya,4.5,Legible
sig003.jpg,V. Jyothi,4,Initial with clear full first name,sig003.jpg,Legible,5,V. Jyothi,4.5,Legible
sig004.jpg,Jabeena,4,Readable single-name signature,sig004.jpg,Legible,5,Jabeena,4.5,Legible
sig005.jpg,Saniya,3,Loops and flourishes reduce clarity slightly,sig005.jpg,Legible,5,Saniya,4,Legible
sig006.jpg,G. Preethi,4,Clear initial and name; confident strokes,sig006.jpg,Legible,5,G. Preetti,4.5,Legible
sig007.jpg,M. Nikhitha,4,Well-formed letters; easy to distinguish,sig007.jpg,Legible,5,M. Nikhitha,4.5,Legible
sig008.jpg,Venkay,2,Highly stylized; letter forms ambiguous,sig008.jpg,Illegible,1,V Daky,1.5,Illegible
sig009.jpg,Kalyani,3,Readable but light strokes,sig009.jpg,Legible,5,Kelyoru,4,Legible
sig010.jpg,Bathyuska,2,Unusual letter connections lower readability,sig010.jpg,Legible,5,Prathyusha,3.5,Legible
sig011.jpg,Kalyani,4,Clear and evenly spaced letters,sig011.jpg,Legible,5,Kalyani,4.5,Legible
sig012.jpg,Navya,4,Simple and clean single-name signature,sig012.jpg,Legible,5,Navya,4.5,Legible
sig013.jpg,Mochang,2,Overlapping strokes obscure characters,sig013.jpg,Legible,5,Md. Chang,3.5,Legible
sig014.jpg,Shahana,4,Neatly written; consistent lettering,sig014.jpg,Legible,5,Shahana,4.5,Legible
sig015.jpg,Prabhath,4,Clear printed-letter style,sig015.jpg,Legible,5,Prabhalh,4.5,Legible
sig016.jpg,Hari Purnachary,4,Clearly spaced first and last name,sig016.jpg,Legible,5,Haripurnachary,4.5,Legible
sig017.jpg,S. Abhi,4,Initial with clear short name,sig017.jpg,Illegible,1,S. Abhj,2.5,Illegible
sig018.jpg,Raji,2,Mostly symbolic; letters not fully formed,sig018.jpg,Illegible,1,Cuy,1.5,Illegible
sig019.jpg,K. Karthik,4,Clear initial and full first name,sig019.jpg,Legible,5,K. Karthik,4.5,Legible
sig020.jpg,Rohith,4,Printed-style letters; high clarity,sig020.jpg,Legible,5,Rohitl,4.5,Legible
sig021.jpg,Raji,2,Highly stylized flourish; minimal letter detail,sig021.jpg,Illegible,1,Guy,1.5,Illegible
sig022.jpg,(Unclear),1,Signature cut off or incomplete,sig022.jpg,Illegible,1,Hyan,1,Illegible
sig023.jpg,Ankitha,4,Neat and readable single name,sig023.jpg,Legible,5,Ankitha,4.5,Legible
sig024.jpg,K. Chaithanya,2,Strong flourish obscures letters,sig024.jpg,Illegible,1,H Aumm,1.5,Illegible
sig025.jpg,J. Rajitha,4,Initial with clearly written name,sig025.jpg,Legible,5,J. Rajitha,4.5,Legible
sig026.jpg,Rama,3,Short name with underline flourish,sig026.jpg,Illegible,1,Pama,2,Illegible
sig027.jpg,(Initial only),1,Symbolic initial; no readable name,sig027.jpg,Illegible,1,Se,1,Illegible
sig028.jpg,Bhu,3,Abbreviated name; partially legible,sig028.jpg,Legible,5,Bhy,4,Legible
sig029.jpg,A S F,2,Appears to be initials only,sig029.jpg,Illegible,1,Asf,1.5,Illegible
sig030.jpg,Lahari,4,Clear cursive handwriting,sig030.jpg,Legible,5,Lahari,4.5,Legible
sig031.jpg,A R,1,Initials only; symbolic,sig031.jpg,Legible,5,A,3,Illegible
sig032.jpg,Bharani,3,Readable cursive with flourish,sig032.jpg,Illegible,1,Branany,2,Illegible
sig033.jpg,Saj,2,Short stylized form,sig033.jpg,Illegible,1,Srt,1.5,Illegible
sig034.jpg,Kalyan S,3,Last letter unclear,sig034.jpg,Legible,5,Kabava,4,Legible
sig035.jpg,M (symbol),1,Symbolic signature,sig035.jpg,Illegible,1,M,1,Illegible
sig036.jpg,Punnam B,3,Last name initial,sig036.jpg,Legible,5,Punnamb,4,Legible
sig037.jpg,A. Thirupathi,4,Clear initial and full name,sig037.jpg,Illegible,1,A. Thirupathi,2.5,Illegible
sig038.jpg,A R,1,Encircled initials,sig038.jpg,Illegible,1,A Pr,1,Illegible
sig039.jpg,Brinda,4,Clear handwritten name,sig039.jpg,Illegible,1,OKinnas,2.5,Illegible
sig040.jpg,Ary,2,Stylized initials,sig040.jpg,Illegible,1,Oly,1.5,Illegible
sig041.jpg,M. Himanshi,4,Initial with clear first name,sig041.jpg,Legible,5,M. Himasri,4.5,Legible
sig042.jpg,D. Sravanti,4,Readable cursive name,sig042.jpg,Legible,5,Sravanthi,4.5,Legible
sig043.jpg,D. Sanjana,4,Clear and legible handwriting,sig043.jpg,Legible,5,Sanjana,4.5,Legible
sig044.jpg,K. Hemanth,4,Clear first name with initial,sig044.jpg,Legible,5,Hemanth,4.5,Legible
sig045.jpg,A. Pavan,4,Simple printed style,sig045.jpg,Legible,5,A Pavan,4.5,Legible
sig046.jpg,K. Ramu,4,Short but legible name,sig046.jpg,Illegible,1,K Rauu,2.5,Illegible
sig047.jpg,P. Vinay,4,Neat and readable,sig047.jpg,Legible,5,P. Vinay,4.5,Legible
sig048.jpg,N. Pranathi,4,Clear cursive writing,sig048.jpg,Legible,5,Pranathi,4.5,Legible
sig049.jpg,Sri Raju,2,Stylized flourish dominates,sig049.jpg,Illegible,1,Ruy,1.5,Illegible
sig050.jpg,Jaya,3,Readable but crossed stroke,sig050.jpg,Illegible,1,Joyci,2,Illegible
sig051.jpg,(Unclear),1,Highly stylized; characters not clearly identifiable,sig051.jpg,Legible,5,K. Avil,3,Illegible
sig052.jpg,(Unclear),1,Complex symbol-like strokes,sig052.jpg,Illegible,1,MD. Sdy,1,Illegible
sig053.jpg,Sri Akhila,4,Clearly written first and last name,sig053.jpg,Illegible,1,Bhauj,2.5,Illegible
sig054.jpg,K. Anil,4,Clear initial and name with underline,sig054.jpg,Illegible,1,Diyao,2.5,Illegible
sig055.jpg,MD. Saj,3,Abbreviated last name; readable initials,sig055.jpg,Illegible,1,Duiy,2,Illegible
sig056.jpg,M. Bhav,2,Last characters unclear,sig056.jpg,Illegible,1,Saaya Teja,1.5,Illegible
sig057.jpg,Divya,3,Stylized with added flourish,sig057.jpg,Illegible,1,M. Rleel,2,Illegible
sig058.jpg,(Unclear),2,Short stylized text; ambiguous letters,sig058.jpg,Legible,5,Amulya,3.5,Legible
sig059.jpg,Sravya Teja,4,Clearly spaced two-part name,sig059.jpg,Legible,5,Bharogavi,4.5,Legible
sig060.jpg,M. R. Deep,3,Initials with readable name,sig060.jpg,Legible,5,Jasmine,4,Legible
sig061.jpg,Amulya,4,Clear printed cursive,sig061.jpg,Illegible,1,C. Gny,2.5,Illegible
sig062.jpg,Bhargavi,4,Neat and legible handwriting,sig062.jpg,Illegible,1,aveer shaib,2.5,Illegible
sig063.jpg,Jasmine,4,Clearly written full name,sig063.jpg,Legible,5,Ky,4.5,Legible
sig064.jpg,(Unclear),1,Overlapping strokes obscure text,sig064.jpg,Illegible,1,Aul,1,Illegible
sig065.jpg,Sameer Shoaib,3,Last name slightly unclear,sig065.jpg,Illegible,1,Asu,2,Illegible
sig066.jpg,KPL,2,Initials only,sig066.jpg,Illegible,1,PU,1.5,Illegible
sig067.jpg,(Unclear),1,Very faint/partial signature,sig067.jpg,Legible,5,B. Akhila,3,Illegible
sig068.jpg,Ashu,3,Short but readable name,sig068.jpg,Illegible,1,ALS,2,Illegible
sig069.jpg,J V,2,Initials only,sig069.jpg,Illegible,1,Choy,1.5,Illegible
sig070.jpg,B. Akhila,4,Initial with clear first name,sig070.jpg,Legible,5,G. Akhila,4.5,Legible
sig071.jpg,B. Kalyani,4,Clear first and last name; well spaced,sig071.jpg,Legible,5,B. Kalyani,4.5,Legible
sig072.jpg,K. Revanth,4,Neatly written; good legibility,sig072.jpg,Legible,5,K. Revanth,4.5,Legible
sig073.jpg,L. Vikram,4,Clear capital letters,sig073.jpg,Legible,5,L. Vikram,4.5,Legible
sig074.jpg,M. Kiranmai,4,Initial with clearly written name,sig074.jpg,Legible,5,M. Kiranmai,4.5,Legible
sig075.jpg,VD. Soberio,3,Readable but last name slightly unclear,sig075.jpg,Illegible,1,MD> Sabeya,2,Illegible
sig076.jpg,G. Ajay,4,Simple and very clear,sig076.jpg,Legible,5,G. A Jay,4.5,Legible
sig077.jpg,B. Yuvraj,4,Bold strokes; high clarity,sig077.jpg,Legible,5,B. Yararaj,4.5,Legible
sig078.jpg,T. Rohith,4,Printed-style handwriting,sig078.jpg,Legible,5,T. Rohith,4.5,Legible
sig079.jpg,N. Shiva Prasad,3,Readable; spacing slightly compressed,sig079.jpg,Legible,5,N. Shiva Prasad,4,Legible
sig080.jpg,V. Pavan,3,Initial with stylized underline,sig080.jpg,Illegible,1,V. Puu,2,Illegible
sig081.jpg,D. Balasekumar,4,Clear full surname,sig081.jpg,Illegible,1,D. Roiloshleymar,2.5,Illegible
sig082.jpg,T. Abhilash,4,Neat cursive-like print,sig082.jpg,Legible,5,T. Abhilash,4.5,Legible
sig083.jpg,Sidhartha,4,Clear single-name signature,sig083.jpg,Legible,5,Sidhartha,4.5,Legible
sig084.jpg,Sohaib,4,Clean and legible letters,sig084.jpg,Legible,5,Sohail,4.5,Legible
sig085.jpg,A. Hemalatha,4,Initial and full name clear,sig085.jpg,Legible,5,A. Himalatha,4.5,Legible
sig086.jpg,B. Harika,4,Very readable handwriting,sig086.jpg,Legible,5,B. Harika,4.5,Legible
sig087.jpg,M. Akhila,4,Consistent letter shapes,sig087.jpg,Legible,5,M. Akhila,4.5,Legible
sig088.jpg,Nishanth,4,Clear cursive-style signature,sig088.jpg,Illegible,1,Nishanth,2.5,Illegible
sig089.jpg,Rishi,3,Stylized underline reduces clarity slightly,sig089.jpg,Illegible,1,Rijhi,2,Illegible
sig090.jpg,K. Arhiya,3,Last name slightly ambiguous,sig090.jpg,Illegible,1,K. Arshiya,2,Illegible
sig091.jpg,Samsig,2,Heavily stylized; letters partially overlapped,sig091.jpg,Illegible,1,Samsia,1.5,Illegible
sig092.jpg,Sharanya,4,Clearly written single name,sig092.jpg,Legible,5,Sharanya,4.5,Legible
sig093.jpg,Harini,4,Clean cursive-like handwriting,sig093.jpg,Legible,5,Harini,4.5,Legible
sig094.jpg,Poojitha,4,Very legible handwritten name,sig094.jpg,Legible,5,Poojithia,4.5,Legible
sig095.jpg,Bhagavansha,3,Readable but slightly uneven spacing,sig095.jpg,Legible,5,Abgavarsha,4,Legible
sig096.jpg,T. Shiva Ram Teja,4,Multiple names clearly written,sig096.jpg,Legible,5,T. Shiva Ram Tejo,4.5,Legible
sig097.jpg,B. Veeranna,4,Initial with clear full name,sig097.jpg,Legible,5,B. Veelanna,4.5,Legible
sig098.jpg,G. Ramteja,4,Clear initial and name,sig098.jpg,Legible,5,G. Ramtija,4.5,Legible
sig099.jpg,A. Akhil,4,Short but very clear handwriting,sig099.jpg,Legible,5,A. Akhil,4.5,Legible
sig100.jpg,S. Nagaraju,4,Neat cursive-style writing,sig100.jpg,Legible,5,S. Nagaraju,4.5,Legible
sig101.jpg,G. Nikhil,4,Clean and readable letters,sig101.jpg,Illegible,1,G. Niblil,2.5,Illegible
sig102.jpg,R. Avanind,3,Legible but last letters slightly unclear,sig102.jpg,Legible,5,P. Avavind,4,Legible
sig103.jpg,P. Vinay,4,Very clear and consistent strokes,sig103.jpg,Legible,5,P. Vinay,4.5,Legible
sig104.jpg,E. Pranay,4,Printed style; highly legible,sig104.jpg,Legible,5,E. Pranay,4.5,Legible
sig105.jpg,Ch. Ganesh,4,Initials with clear name,sig105.jpg,Legible,5,Ch. Ganesh,4.5,Legible
sig106.jpg,V. Rohith,4,Initial with clearly written name,sig106.jpg,Legible,5,N. Rohith,4.5,Legible
sig107.jpg,T. Naveen,4,Neat and legible handwriting,sig107.jpg,Legible,5,T. Naveen,4.5,Legible
sig108.jpg,K. Sujith,4,Clear letters; good spacing,sig108.jpg,Legible,5,K. Sujith,4.5,Legible
sig109.jpg,A. Srikanta,3,Readable but slightly uneven strokes,sig109.jpg,Illegible,1,A. Slikanth,2,Illegible
sig110.jpg,B. Nithin,4,Clear initial and name,sig110.jpg,Legible,5,B. Nithin,4.5,Legible
sig111.jpg,P. Uday,4,Printed style; very clear,sig111.jpg,Illegible,1,B. Uhadevy,2.5,Illegible
sig112.jpg,A O Ravi,2,Mostly symbolic; letters ambiguous,sig112.jpg,Illegible,1,A O Aw,1.5,Illegible
sig113.jpg,Banu Lissa,3,Readable but light ink,sig113.jpg,Illegible,1,Bave Lil88s,2,Illegible
sig114.jpg,Chinnaiah,3,Readable name with overwrite,sig114.jpg,Illegible,1,Chinncial,2,Illegible
sig115.jpg,Praval,3,Simple but slightly stylized,sig115.jpg,Illegible,1,Pvincey,2,Illegible
sig116.jpg,Hindu,3,Short name; moderate clarity,sig116.jpg,Legible,5,Hindu,4,Legible
sig117.jpg,K. Vellaiah,3,Letters readable with flourish,sig117.jpg,Illegible,1,K. Vella Loh,2,Illegible
sig118.jpg,S. Kumar,4,Clear initials and surname,sig118.jpg,Illegible,1,S. Kummr,2.5,Illegible
sig119.jpg,Sravya,4,Very clear single-name signature,sig119.jpg,Legible,5,Soavya,4.5,Legible
sig120.jpg,Sasibala R,3,Last letter abbreviated,sig120.jpg,Legible,5,Sasitha R,4,Legible
sig121.jpg,B. Sravani,3,Initial with local-script surname; partly stylized,sig121.jpg,Illegible,1,Bsigs,2,Illegible
sig122.jpg,Ratnakar,3,Readable but uneven stroke flow,sig122.jpg,Illegible,1,K. Isal,2,Illegible
sig123.jpg,(Symbolic),1,Non-textual flourish; no readable letters,sig123.jpg,Legible,5,MC. Sohail,3,Illegible
sig124.jpg,Ravi,3,Short name with underline flourish,sig124.jpg,Illegible,1,V. OSY,2,Illegible
sig125.jpg,Dinesh,3,Readable letters; light pressure,sig125.jpg,Illegible,1,Aruna John,2,Illegible
sig126.jpg,G. Madhu,4,Clear initial and first name,sig126.jpg,Illegible,1,K. Now,2.5,Illegible
sig127.jpg,G. Nagaraj,4,Clearly written first name,sig127.jpg,Illegible,1,B. You,2.5,Illegible
sig128.jpg,Keerthana,4,Printed handwriting with underline,sig128.jpg,Illegible,1,R. MPY,2.5,Illegible
sig129.jpg,SRP,2,Initials only,sig129.jpg,Illegible,1,,1.5,Illegible
sig130.jpg,Prasad,3,Readable cursive with large loops,sig130.jpg,Illegible,1,Raif,2,Illegible
sig131.jpg,Kranthi,3,Stylized but readable,sig131.jpg,Illegible,1,Dfan,2,Illegible
sig132.jpg,N L,1,Initials only; symbolic,sig132.jpg,Legible,5,G. Madly,3,Illegible
sig133.jpg,Raja,3,Stylized signature with underline,sig133.jpg,Illegible,1,G. Vogasy,2,Illegible
sig134.jpg,Durgasri,4,Clear cursive writing,sig134.jpg,Illegible,1,Keeithaur,2.5,Illegible
sig135.jpg,B. Suresh,4,Initial with clear surname,sig135.jpg,Illegible,1,G,2.5,Illegible
sig136.jpg,K. Sagar,4,Clear letters; good spacing,sig136.jpg,Illegible,1,Cid,2.5,Illegible
sig137.jpg,M. D. Sohail,4,Clearly written multi-part name,sig137.jpg,Illegible,1,Breep,2.5,Illegible
sig138.jpg,K. Teja,4,Clear and legible,sig138.jpg,Illegible,1,N,2.5,Illegible
sig139.jpg,Aruna Jyothi,4,"Two-part name, clearly written",sig139.jpg,Illegible,1,Dav,2.5,Illegible
sig140.jpg,K. Ramesh,4,Clear initial and name,sig140.jpg,Illegible,1,Duya,2.5,Illegible
sig141.jpg,(Stylized),2,Symbolic signature; resembles initials,sig141.jpg,Illegible,1,Sy,1.5,Illegible
sig142.jpg,(Stylized initials),2,Initials with underline,sig142.jpg,Illegible,1,VB,1.5,Illegible
sig143.jpg,(Unclear),1,Heavily overlapped strokes,sig143.jpg,Illegible,1,Msa,1,Illegible
sig144.jpg,T. Ramya Sri,4,Clear first and last name,sig144.jpg,Legible,5,T. Ramya Sri,4.5,Legible
sig145.jpg,N. Hema Sree,4,Clearly written cursive,sig145.jpg,Illegible,1,N. Hemosriiy,2.5,Illegible
sig146.jpg,Sameena,4,Readable single name,sig146.jpg,Legible,5,K. Saimeena,4.5,Legible
sig147.jpg,L. Nikhitha,4,Clear initial and name,sig147.jpg,Legible,5,V. Nikhitha,4.5,Legible
sig148.jpg,P. Chandana,4,Good spacing and clarity,sig148.jpg,Legible,5,Chandana,4.5,Legible
sig149.jpg,P. Kalyani,4,"Clear, neat handwriting",sig149.jpg,Legible,5,P. Kalyahi,4.5,Legible
sig150.jpg,V. Samakshitha,3,"Long name, some letters compressed",sig150.jpg,Legible,5,Surakshitha,4,Legible
sig151.jpg,E. L,2,Initials only,sig151.jpg,Illegible,1,E. Sz,1.5,Illegible
sig152.jpg,Bhiji,3,Legible but stylized,sig152.jpg,Illegible,1,Slui,2,Illegible
sig153.jpg,Yadika,3,Readable cursive,sig153.jpg,Legible,5,Sadhika,4,Legible
sig154.jpg,V. Sravanthi,4,Clear initial and name,sig154.jpg,Legible,5,N. Sravanthi,4.5,Legible
sig155.jpg,D. Sobharani,4,Very clear handwriting,sig155.jpg,Legible,5,Sai Bhargaui,4.5,Legible
sig156.jpg,V. Sowmya,4,Neatly written,sig156.jpg,Legible,5,V. Sowmya,4.5,Legible
sig157.jpg,M. Rajesh,4,Clear printed style,sig157.jpg,Legible,5,M. Rajesh,4.5,Legible
sig158.jpg,D. Vishne,3,Last letters slightly unclear,sig158.jpg,Legible,5,Vishiu,4,Legible
sig159.jpg,Chaitali,3,Stylized cursive,sig159.jpg,Illegible,1,Chlanthha,2,Illegible
sig160.jpg,N. Ovi,4,Clear short name,sig160.jpg,Illegible,1,Dj,2.5,Illegible
sig161.jpg,H. Varun Kumar,4,Clearly written full name,sig161.jpg,Legible,5,P. Reethika,4.5,Legible
sig162.jpg,B. Divya,4,Clear printed handwriting,sig162.jpg,Legible,5,H. Varun Kumar,4.5,Legible
sig163.jpg,N. Sanjay,4,Initial with clear name,sig163.jpg,Legible,5,B. Divya,4.5,Legible
sig164.jpg,Harshitha,4,Clear cursive handwriting,sig164.jpg,Legible,5,M. Saijay,4.5,Legible
sig165.jpg,K. Sirivalli,4,Clear letters with dots,sig165.jpg,Legible,5,Harshith,4.5,Legible
sig166.jpg,A. Smithi,3,Readable though stylized,sig166.jpg,Legible,5,K. Sirivalli,4,Legible
sig167.jpg,Gnaneshwari,4,Clearly written full name,sig167.jpg,Legible,5,A. Snithi,4.5,Legible
sig168.jpg,B. Lakshmi,4,Clear initial and name,sig168.jpg,Illegible,1,G Noineshiwari,2.5,Illegible
sig169.jpg,D. Srushti,3,Readable but stylized end strokes,sig169.jpg,Illegible,1,B. Jahithi,2,Illegible
sig170.jpg,Ramya,4,Clean single-name signature,sig170.jpg,Legible,5,Sruthi,4.5,Legible
sig171.jpg,Ruchitha,4,Clear and consistent strokes,sig171.jpg,Legible,5,Ramya,4.5,Legible
sig172.jpg,Tamreen,4,Neat printed handwriting,sig172.jpg,Legible,5,Ruchitha,4.5,Legible
sig173.jpg,Kaushnaveni,3,Readable but tightly spaced,sig173.jpg,Legible,5,Tamreen,4,Legible
sig174.jpg,Chandni,3,Stylized cursive,sig174.jpg,Legible,5,Krishnaveni,4,Legible
sig175.jpg,(Symbolic),2,Symbol-style signature; no clear letters,sig175.jpg,Legible,5,Chandu,3.5,Legible
sig176.jpg,B. Ranjith,4,Clear initial and surname,sig176.jpg,Illegible,1,Bluuy,2.5,Illegible
sig177.jpg,N. Saidharan,3,Readable but compressed letters,sig177.jpg,Illegible,1,B. Raujith,2,Illegible
sig178.jpg,Anu,3,Short cursive with flourish,sig178.jpg,Illegible,1,Saricharan,2,Illegible
sig179.jpg,Jyothna,4,"Underlined, clearly written",sig179.jpg,Illegible,1,Saviy,2.5,Illegible
sig180.jpg,P. Reethika,4,Clear initial and name,sig180.jpg,Legible,5,Jyothsna,4.5,Legible
sig181.jpg,Varsh,4,Clearly written short name,sig181.jpg,Illegible,1,Yahy,2.5,Illegible
sig182.jpg,Desiparamesh,4,Clearly written cursive name,sig182.jpg,Illegible,1,Calithy,2.5,Illegible
sig183.jpg,Acathi,4,"Short, clearly written name",sig183.jpg,Illegible,1,Seeiwy,2.5,Illegible
sig184.jpg,Athar,3,Readable with light strokes,sig184.jpg,Illegible,1,Snuyay,2,Illegible
sig185.jpg,Siddareddi,4,"Underlined, clearly legible",sig185.jpg,Illegible,1,Mighana,2.5,Illegible
sig186.jpg,Prasad,3,Stylized cursive with cross-stroke,sig186.jpg,Legible,5,Nikitha,4,Legible
sig187.jpg,Teja,3,Short stylized name,sig187.jpg,Illegible,1,L. Vaishy,2,Illegible
sig188.jpg,Reddy,4,"Bold strokes, clear surname",sig188.jpg,Illegible,1,P Shirathke,2.5,Illegible
sig189.jpg,Dhanunj,3,Readable but stylized,sig189.jpg,Illegible,1,Salite,2,Illegible
sig190.jpg,(Symbolic),1,Symbol-only signature,sig190.jpg,Illegible,1,FS,1,Illegible
sig191.jpg,Calier,3,Readable but uneven letter spacing,sig191.jpg,Illegible,1,Akayhi,2,Illegible
sig192.jpg,B. Sriniv,3,Initial with partial surname,sig192.jpg,Illegible,1,Daripuasanna,2,Illegible
sig193.jpg,Swati,4,Clear single-name signature,sig193.jpg,Legible,5,Awthi,4.5,Legible
sig194.jpg,Moghrey,3,Readable cursive,sig194.jpg,Illegible,1,Athan,2,Illegible
sig195.jpg,Nikhila,4,Clearly written,sig195.jpg,Legible,5,Sigdhapeddi,4.5,Legible
sig196.jpg,L. Vaish,3,Initial with truncated name,sig196.jpg,Illegible,1,Cnpuni,2,Illegible
sig197.jpg,P. Srinadu,4,Underline and clear letters,sig197.jpg,Illegible,1,Nethy,2.5,Illegible
sig198.jpg,Sabeke,3,Stylized but legible,sig198.jpg,Illegible,1,JBdy,2,Illegible
sig199.jpg,(Stylized),2,Symbolic initial-style mark,sig199.jpg,Illegible,1,Hommmi,1.5,Illegible
sig200.jpg,Akasha,4,Clear cursive name,sig200.jpg,Illegible,1,A,2.5,Illegible
sig201.jpg,Adith,3,Readable but long flourish,sig201.jpg,Illegible,1,Adhiti,2,Illegible
sig202.jpg,Keerthi,4,Clear cursive handwriting,sig202.jpg,Illegible,1,Keerthi,2.5,Illegible
sig203.jpg,May,3,Initial-style signature,sig203.jpg,Illegible,1,OMY,2,Illegible
sig204.jpg,B. Koumudi,4,Clear initial and name,sig204.jpg,Illegible,1,B. Koushiis,2.5,Illegible
sig205.jpg,Suraja,4,Neatly written single name,sig205.jpg,Illegible,1,Supaja,2.5,Illegible
sig206.jpg,Thanu,3,Readable but light strokes,sig206.jpg,Illegible,1,Thej,2,Illegible
sig207.jpg,Oaji,3,Stylized handwriting,sig207.jpg,Illegible,1,Aji,2,Illegible
sig208.jpg,K. V. Ganesh,4,Initials with clear surname,sig208.jpg,Illegible,1,K. V. Ganen,2.5,Illegible
sig209.jpg,Sharon,4,Clear cursive name,sig209.jpg,Illegible,1,Shiuou,2.5,Illegible
sig210.jpg,B. Anuja,4,"Underline flourish, readable",sig210.jpg,Illegible,1,Clethiga,2.5,Illegible
sig211.jpg,Dipak,4,Clear and compact signature,sig211.jpg,Illegible,1,ish,2.5,Illegible
sig212.jpg,Atharv,4,Clearly written name,sig212.jpg,Illegible,1,Akhaya,2.5,Illegible
sig213.jpg,(Blank),1,No visible signature,sig213.jpg,Illegible,1,Out of bounds,1,Illegible
sig214.jpg,(Blank),1,No visible signature,sig214.jpg,Illegible,1,Out of bounds,1,Illegible
sig215.jpg,T. Vijay,4,Clear initial and first name,sig215.jpg,Illegible,1,T. Vijay,2.5,Illegible
sig216.jpg,Madhu Priya,3,Readable cursive; some flourish overlap,sig216.jpg,Illegible,1,Mifhi Rih,2,Illegible
sig217.jpg,Bhavya,4,Clearly written cursive name,sig217.jpg,Illegible,1,T Beluyli,2.5,Illegible
sig218.jpg,Soujith,4,"Clean, legible handwriting",sig218.jpg,Illegible,1,Sultud,2.5,Illegible
sig219.jpg,Gowthami,4,Clearly written full name,sig219.jpg,Illegible,1,Gowthari,2.5,Illegible
sig220.jpg,Anusha,4,Clear and neat handwriting,sig220.jpg,Illegible,1,Anuyhy,2.5,Illegible
sig221.jpg,E. Shalu,4,Clear initial and name with underline,sig221.jpg,Illegible,1,Aji,2.5,Illegible
sig222.jpg,Pavithra,4,Clearly written single name,sig222.jpg,Illegible,1,Dilspuh,2.5,Illegible
sig223.jpg,K. Sanjana,4,Clear initial and name,sig223.jpg,Illegible,1,N,2.5,Illegible
sig224.jpg,M. Kavya,4,Neat cursive handwriting,sig224.jpg,Illegible,1,Ajuy,2.5,Illegible
sig225.jpg,B. Jabilli,4,Initial and name clearly written,sig225.jpg,Legible,5,J. Sruh,4.5,Legible
sig226.jpg,J. Vinathi,4,Clear initial and full name,sig226.jpg,Legible,5,K. Akhily,4.5,Legible
sig227.jpg,Shylu,3,Readable but stylized strokes,sig227.jpg,Legible,5,M. Akhila,4,Legible
sig228.jpg,Anvagraha Kur,3,Readable but compact lettering,sig228.jpg,Legible,5,Y. Mounika,4,Legible
sig229.jpg,Apeksha,4,Clearly written name with underline,sig229.jpg,Illegible,1,X Dixhitha,2.5,Illegible
sig230.jpg,(Partial),2,Signature partially captured,sig230.jpg,Legible,5,Amulya,3.5,Legible
sig231.jpg,Ajay,3,Short stylized signature,sig231.jpg,Illegible,1,E. Charlij,2,Illegible
sig232.jpg,Dinesh,3,Readable cursive,sig232.jpg,Legible,5,Pavithra,4,Legible
sig233.jpg,P,1,Single-letter signature,sig233.jpg,Legible,5,K. Sanjana,3,Illegible
sig234.jpg,Anuj,3,Readable cursive with loop,sig234.jpg,Illegible,1,M. Kays,2,Illegible
sig235.jpg,J. Sruthi,4,Clear initial and name,sig235.jpg,Legible,5,B. Jabili,4.5,Legible
sig236.jpg,K. Akhila,4,Neat and legible,sig236.jpg,Legible,5,J. Vinathi,4.5,Legible
sig237.jpg,M. Akhila,4,Clear handwritten name,sig237.jpg,Illegible,1,Hlysl,2.5,Illegible
sig238.jpg,Y. Mounika,4,Initial and name clearly written,sig238.jpg,Illegible,1,Anlaraj Hakur,2.5,Illegible
sig239.jpg,Haritha,4,Clear cursive handwriting,sig239.jpg,Legible,5,Apeksha,4.5,Legible
sig240.jpg,Amulya,4,Clearly written name,sig240.jpg,Illegible,1,Out of bounds,2.5,Illegible
sig241.jpg,Munees,3,Stylized cursive; last stroke unclear,sig241.jpg,Illegible,1,Out of bounds,2,Illegible
sig242.jpg,Akay,3,Short name; stylized underline,sig242.jpg,Illegible,1,Out of bounds,2,Illegible
sig243.jpg,Sathvik K,4,Clear first name with initial,sig243.jpg,Illegible,1,V. Hamasuing,2.5,Illegible
sig244.jpg,Civil Litigal,2,Text appears like designation; uneven strokes,sig244.jpg,Legible,5,V. Preethi,3.5,Legible
sig245.jpg,Abjredd,2,Letters partially unclear,sig245.jpg,Illegible,1,Wheeler,1.5,Illegible
sig246.jpg,Shashi,3,Readable but overlapped strokes,sig246.jpg,Illegible,1,Suiiu,2,Illegible
sig247.jpg,Karthik,3,Moderately legible handwriting,sig247.jpg,Illegible,1,Ajei,2,Illegible
sig248.jpg,V. Vivek,4,Initial with clear name,sig248.jpg,Illegible,1,A,2.5,Illegible
sig249.jpg,V. Dlamaswamy,3,Long name; some letters unclear,sig249.jpg,Illegible,1,D. Nagaubesh,2,Illegible
sig250.jpg,V. Preethi,4,Clearly written and underlined,sig250.jpg,Illegible,1,EKO,2.5,Illegible
sig251.jpg,Mreddy,3,Stylized cursive; readable surname,sig251.jpg,Illegible,1,BT,2,Illegible
sig252.jpg,Quresh,3,Underlined; letters slightly distorted,sig252.jpg,Illegible,1,LH,2,Illegible
sig253.jpg,Sai,3,Short stylized name,sig253.jpg,Illegible,1,F,2,Illegible
sig254.jpg,(Symbolic),1,Non-textual mark,sig254.jpg,Illegible,1,Olmi,1,Illegible
sig255.jpg,D. Nagamalles,3,Initial with long surname,sig255.jpg,Legible,5,Mwali,4,Legible
sig256.jpg,S. Bhanu,3,Compact lettering,sig256.jpg,Legible,5,Akay,4,Legible
sig257.jpg,(Symbolic),1,Heavy scribble; no readable text,sig257.jpg,Legible,5,Sathuike,3,Illegible
sig258.jpg,Lohith,3,Readable cursive,sig258.jpg,Legible,5,C. Nilohithal,4,Legible
sig259.jpg,(Stroke),1,Single long stroke,sig259.jpg,Illegible,1,A Pjadd,1,Illegible
sig260.jpg,Omi,4,Short name; clearly written,sig260.jpg,Illegible,1,Slot,2.5,Illegible
sig261.jpg,V. S. Srinivas,4,Clear initials and surname,sig261.jpg,Illegible,1,V. Shva,2.5,Illegible
sig262.jpg,RL,2,Initials only with underline,sig262.jpg,Illegible,1,PY,1.5,Illegible
sig263.jpg,Sanjay,3,Stylized cursive with underline,sig263.jpg,Illegible,1,Guy,2,Illegible
sig264.jpg,Ravi,3,Looped first letter; readable,sig264.jpg,Illegible,1,Sali,2,Illegible
sig265.jpg,Bina,3,Stylized first letter,sig265.jpg,Illegible,1,Rirra,2,Illegible
sig266.jpg,Uday,4,Clearly written with underline,sig266.jpg,Illegible,1,Uday,2.5,Illegible
sig267.jpg,Jung,3,Short stylized name,sig267.jpg,Illegible,1,Juy,2,Illegible
sig268.jpg,Arij,3,"Cursive, slightly stylized",sig268.jpg,Illegible,1,Akui,2,Illegible
sig269.jpg,Shanthi,3,"Underline flourish, readable",sig269.jpg,Illegible,1,Abaiugui,2,Illegible
sig270.jpg,Ravi,4,Simple printed name,sig270.jpg,Illegible,1,Ri,2.5,Illegible
sig271.jpg,CFA,2,Initial-style signature,sig271.jpg,Illegible,1,CVA,1.5,Illegible
sig272.jpg,Bhavya,4,Clearly written printed letters,sig272.jpg,Legible,5,Bhaidwaj,4.5,Legible
sig273.jpg,K. V. Sathvik,4,Clear initial and name,sig273.jpg,Legible,5,E.v.sathvik,4.5,Legible
sig274.jpg,John,4,Clean cursive handwriting,sig274.jpg,Legible,5,Joshi,4.5,Legible
sig275.jpg,MD,2,Monogram-style signature,sig275.jpg,Illegible,1,AJ,1.5,Illegible
sig276.jpg,R. Roshan,4,Initial and name clearly legible,sig276.jpg,Illegible,1,P. Rohireedo,2.5,Illegible
sig277.jpg,Mahad,3,Short cursive name,sig277.jpg,Illegible,1,NTdl,2,Illegible
sig278.jpg,CY,2,Stylized initials with underline,sig278.jpg,Illegible,1,Cy,1.5,Illegible
sig279.jpg,Pavi,3,Stylized cursive with underline,sig279.jpg,Illegible,1,Duy,2,Illegible
sig280.jpg,RL,2,Initials only,sig280.jpg,Illegible,1,ki,1.5,Illegible
sig281.jpg,Meghan,4,"Clear cursive, underlined",sig281.jpg,Legible,5,Meghan,4.5,Legible
sig282.jpg,Kavya,4,Clearly written with underline,sig282.jpg,Legible,5,Kavya,4.5,Legible
sig283.jpg,Aishwarya,4,Neat cursive handwriting,sig283.jpg,Illegible,1,Aishioauya,2.5,Illegible
sig284.jpg,(Symbolic),1,Monogram-like symbol,sig284.jpg,Legible,5,A,3,Illegible
sig285.jpg,Paramesh,3,Readable but light strokes,sig285.jpg,Legible,5,Panashri,4,Legible
sig286.jpg,Gayathri,4,"Clear printed letters, underlined",sig286.jpg,Legible,5,Gayothrif,4.5,Legible
sig287.jpg,Dinesh,3,Stylized cursive,sig287.jpg,Illegible,1,Diyeitr,2,Illegible
sig288.jpg,Yadhu,3,Readable cursive signature,sig288.jpg,Illegible,1,Yaduit,2,Illegible
sig289.jpg,(Symbol),1,Circular symbol with stroke,sig289.jpg,Illegible,1,M,1,Illegible
sig290.jpg,Ganeesh,2,Star symbol with partial text,sig290.jpg,Legible,5,A Javan,3.5,Legible
sig291.jpg,Jenu,3,Stylized cursive with long stroke,sig291.jpg,Illegible,1,Sour,2,Illegible
sig292.jpg,Kavitha,4,"Clear cursive, legible",sig292.jpg,Illegible,1,Kayith,2.5,Illegible
sig293.jpg,P. Raj,4,Initial with clear surname,sig293.jpg,Illegible,1,P. Ray,2.5,Illegible
sig294.jpg,AS,2,Initials only with underline,sig294.jpg,Illegible,1,JB,1.5,Illegible
sig295.jpg,Alis,3,Stylized cursive,sig295.jpg,Legible,5,Alys,4,Legible
sig296.jpg,(Unclear),2,Short stylized strokes,sig296.jpg,Illegible,1,Wedal,1.5,Illegible
sig297.jpg,P S,2,Initials only,sig297.jpg,Illegible,1,PJS,1.5,Illegible
sig298.jpg,E. Sathi,4,Initial and surname clearly written,sig298.jpg,Legible,5,E. Salith,4.5,Legible
sig299.jpg,Ayushi,4,Clearly written cursive,sig299.jpg,Legible,5,Aywhi,4.5,Legible
sig300.jpg,Sujesh,4,Neat cursive handwriting,sig300.jpg,Illegible,1,Sujejhs,2.5,Illegible
sig301.jpg,(Stylized),2,Abstract cursive flourish,sig301.jpg,Legible,5,Lahari K,3.5,Legible
sig302.jpg,(Illegible),1,Dense overlapping strokes,sig302.jpg,Illegible,1,Cy,1,Illegible
sig303.jpg,Y J,2,Initial-style mark,sig303.jpg,Illegible,1,LE,1.5,Illegible
sig304.jpg,UPT,2,Abbreviated initials,sig304.jpg,Illegible,1,Psot,1.5,Illegible
sig305.jpg,A. Giridhar,4,Clear cursive name with underline,sig305.jpg,Legible,5,J. Sai Aashish,4.5,Legible
sig306.jpg,Lahan Ity,3,Name readable; ending unclear,sig306.jpg,Illegible,1,J. Ob,2,Illegible
sig307.jpg,(Stylized),2,Symbolic curved strokes,sig307.jpg,Legible,5,Jyotli,3.5,Legible
sig308.jpg,(Initial),2,Single initial-like stroke,sig308.jpg,Illegible,1,Sor,1.5,Illegible
sig309.jpg,PSJ,2,Initials only,sig309.jpg,Legible,5,Pranari,3.5,Legible
sig310.jpg,J. Sai Aashish,4,Full name clearly written,sig310.jpg,Legible,5,Vaishuani,4.5,Legible
sig311.jpg,J. S,3,Initials with underline,sig311.jpg,Illegible,1,Vanht,2,Illegible
sig312.jpg,Jyothi,4,Clear cursive signature,sig312.jpg,Illegible,1,Sy,2.5,Illegible
sig313.jpg,(Stylized),2,Minimal cursive flourish,sig313.jpg,Illegible,1,Dana,1.5,Illegible
sig314.jpg,Pranavi,4,Clearly written name,sig314.jpg,Legible,5,EV,4.5,Legible
sig315.jpg,Vardhini,4,Clear cursive text,sig315.jpg,Legible,5,Vof,4.5,Legible
sig316.jpg,Karisna,3,Readable but uneven strokes,sig316.jpg,Illegible,1,Cu,2,Illegible
sig317.jpg,S L,2,Initial-style cross stroke,sig317.jpg,Illegible,1,M. Vay,1.5,Illegible
sig318.jpg,Chaitra,3,Stylized cursive,sig318.jpg,Illegible,1,UG,2,Illegible
sig319.jpg,(Stylized),1,Symbol-only signature,sig319.jpg,Legible,5,VPT,3,Illegible
sig320.jpg,V K,2,Initials only,sig320.jpg,Illegible,1,H. Sirdly,1.5,Illegible
sig321.jpg,Divya,3,Stylized cursive with looped initial,sig321.jpg,Illegible,1,Dvuy,2,Illegible
sig322.jpg,Dr. Smarsh,3,Initials with surname; stylized,sig322.jpg,Illegible,1,CH. Snuidr,2,Illegible
sig323.jpg,Meghan,4,Clear printed handwriting,sig323.jpg,Legible,5,Meghan,4.5,Legible
sig324.jpg,Adith,3,Short name with flourish,sig324.jpg,Illegible,1,Aaili,2,Illegible
sig325.jpg,P. Harini,4,Initial and surname clearly written,sig325.jpg,Legible,5,Harini,4.5,Legible
sig326.jpg,(Symbolic),1,Abstract symbol only,sig326.jpg,Illegible,1,CB,1,Illegible
sig327.jpg,(Symbolic),1,Looped symbol with line,sig327.jpg,Illegible,1,VS,1,Illegible
sig328.jpg,Yaksha,4,Clearly written printed letters,sig328.jpg,Legible,5,Yathita,4.5,Legible
sig329.jpg,Mohan,4,Clear cursive with underline,sig329.jpg,Illegible,1,Nohi,2.5,Illegible
sig330.jpg,Keerthi,4,Clear cursive handwriting,sig330.jpg,Legible,5,Keertha,4.5,Legible
sig331.jpg,(Stylized),2,Heavily stylized cursive,sig331.jpg,Illegible,1,Breital,1.5,Illegible
sig332.jpg,Taruni,4,Printed name with underline,sig332.jpg,Legible,5,Taruni,4.5,Legible
sig333.jpg,Subasni,4,Clear cursive with underline,sig333.jpg,Illegible,1,Suhajuui,2.5,Illegible
sig334.jpg,Rohit,4,Clear printed signature,sig334.jpg,Illegible,1,Rohos,2.5,Illegible
sig335.jpg,Rachel,4,Clear cursive handwriting,sig335.jpg,Legible,5,Rachel,4.5,Legible
sig336.jpg,Ansakheers,3,Stylized cursive,sig336.jpg,Legible,5,AshaBerkeey,4,Legible
sig337.jpg,Shilaka,3,"Readable cursive, uneven strokes",sig337.jpg,Legible,5,D. Keleekal,4,Legible
sig338.jpg,Afla,3,Short stylized cursive,sig338.jpg,Illegible,1,Hth,2,Illegible
sig339.jpg,Satish,3,Stylized cursive signature,sig339.jpg,Illegible,1,Hath,2,Illegible
sig340.jpg,G. Nageshwar,4,Initial and surname clearly written,sig340.jpg,Legible,5,G. Nayeshiboie,4.5,Legible
sig341.jpg,AJ,2,Initials only; stylized underline,sig341.jpg,Legible,5,P. Gayathm,3.5,Legible
sig342.jpg,Dhanya,4,Clearly written cursive name,sig342.jpg,Illegible,1,Shy,2.5,Illegible
sig343.jpg,Anupaka,4,Clear cursive with underline,sig343.jpg,Legible,5,Dhy,4.5,Legible
sig344.jpg,Mukesh,3,Readable but uneven strokes,sig344.jpg,Legible,5,Rani,4,Legible
sig345.jpg,K P,2,Initial-style signature,sig345.jpg,Legible,5,Jaya,3.5,Legible
sig346.jpg,P. Gayathri,4,Initial and surname clearly written,sig346.jpg,Legible,5,Esha,4.5,Legible
sig347.jpg,Jy,2,Short stylized initial signature,sig347.jpg,Legible,5,Sam,3.5,Legible
sig348.jpg,Riya,4,Clear printed handwriting,sig348.jpg,Illegible,1,Suuulp,2.5,Illegible
sig349.jpg,Rani,4,Clearly written single name,sig349.jpg,Illegible,1,Rowy,2.5,Illegible
sig350.jpg,Jaya,4,Neat cursive handwriting,sig350.jpg,Illegible,1,Rilly,2.5,Illegible
sig351.jpg,Esha,3,Readable cursive with underline,sig351.jpg,Legible,5,Sadhik,4,Legible
sig352.jpg,Kamal,3,Readable name with flourish,sig352.jpg,Legible,5,Djry,4,Legible
sig353.jpg,Jyoti,3,Stylized cursive,sig353.jpg,Legible,5,K. Sranya,4,Legible
sig354.jpg,Rony,4,Clear cursive name,sig354.jpg,Illegible,1,K. Buya,2.5,Illegible
sig355.jpg,Rolly,4,Clear printed name with underline,sig355.jpg,Legible,5,Ashritha,4.5,Legible
sig356.jpg,Radhak,3,Readable cursive handwriting,sig356.jpg,Illegible,1,Ail,2,Illegible
sig357.jpg,Divi,4,Clear printed style,sig357.jpg,Illegible,1,Dicau,2.5,Illegible
sig358.jpg,K. Sanya,3,Initial with stylized underline,sig358.jpg,Illegible,1,Asujaula,2,Illegible
sig359.jpg,H. Banu,3,Initial and name readable,sig359.jpg,Illegible,1,Niy,2,Illegible
sig360.jpg,Ashmitha,4,Clear cursive handwriting,sig360.jpg,Illegible,1,Ky,2.5,Illegible
sig361.jpg,M. Satya,4,Initial with clear surname,sig361.jpg,Illegible,1,Al,2.5,Illegible
sig362.jpg,(Stylized),2,Highly cursive; name unclear,sig362.jpg,Illegible,1,Akashkasa,1.5,Illegible
sig363.jpg,Ch. Srid,3,Initials with partially readable name,sig363.jpg,Legible,5,Meher,4,Legible
sig364.jpg,Rale,3,Short stylized name,sig364.jpg,Illegible,1,D. Swmanth,2,Illegible
sig365.jpg,Vamsi,3,Stylized cursive with underline,sig365.jpg,Legible,5,Sai,4,Legible
sig366.jpg,Ravi,4,Clear printed name,sig366.jpg,Legible,5,K Weeddy,4.5,Legible
sig367.jpg,Huma,4,Distinct cursive with sweep,sig367.jpg,Illegible,1,Mauj,2.5,Illegible
sig368.jpg,G,1,Single initial only,sig368.jpg,Illegible,1,Miki,1,Illegible
sig369.jpg,Maheshwar,3,Readable cursive; flourish at end,sig369.jpg,Legible,5,M. Saity,4,Legible
sig370.jpg,Mahesh,3,"Clear start, ending stylized",sig370.jpg,Illegible,1,M Juysai,2,Illegible
sig371.jpg,Salith,4,Clear cursive with underline,sig371.jpg,Illegible,1,Iue,2.5,Illegible
sig372.jpg,B. Vaish,4,Initial and name clearly written,sig372.jpg,Legible,5,Dale,4.5,Legible
sig373.jpg,(Initial),2,Highly stylized initial only,sig373.jpg,Illegible,1,Out of bounds,1.5,Illegible
sig374.jpg,Aashraya,4,Clear cursive with underline,sig374.jpg,Legible,5,Hina,4.5,Legible
sig375.jpg,Aphaneer,3,Stylized signature; readable,sig375.jpg,Legible,5,Ct,4,Legible
sig376.jpg,D. Sumonth,4,Initial and surname clear,sig376.jpg,Illegible,1,Mahasod,2.5,Illegible
sig377.jpg,Ravi,4,Clean handwritten name,sig377.jpg,Legible,5,Neshara,4.5,Legible
sig378.jpg,K Reddy,4,Surname dominant; clear strokes,sig378.jpg,Legible,5,Malishly,4.5,Legible
sig379.jpg,Manoj,4,Compact but readable,sig379.jpg,Legible,5,Salithi,4.5,Legible
sig380.jpg,Nikh,3,Short stylized name,sig380.jpg,Legible,5,B. Vaishl,4,Legible
sig381.jpg,(Stylized),2,Highly cursive; letters merged,sig381.jpg,Illegible,1,Sas,1.5,Illegible
sig382.jpg,Gaganeel,4,Clear handwritten name,sig382.jpg,Legible,5,Anub,4.5,Legible
sig383.jpg,H P,2,Initials only; underline,sig383.jpg,Illegible,1,G,1.5,Illegible
sig384.jpg,Gley,3,Stylized but readable,sig384.jpg,Illegible,1,Suf,2,Illegible
sig385.jpg,Sath,3,Readable cursive with underline,sig385.jpg,Illegible,1,heuisho,2,Illegible
sig386.jpg,Teja,4,Clearly written and underlined,sig386.jpg,Illegible,1,Suflelanusy,2.5,Illegible
sig387.jpg,Adin,3,Stylized cursive,sig387.jpg,Legible,5,Gaganal,4,Legible
sig388.jpg,Allen,4,Clear rounded handwriting,sig388.jpg,Legible,5,HR,4.5,Legible
sig389.jpg,C. Vignesh,4,Initial and surname underlined,sig389.jpg,Illegible,1,Giy,2.5,Illegible
sig390.jpg,G. Mani,4,Initial with clear surname,sig390.jpg,Legible,5,Sath,4.5,Legible
sig391.jpg,G. Sathan,4,Surname prominent; readable,sig391.jpg,Legible,5,Tija,4.5,Legible
sig392.jpg,He 4,2,Symbolic; resembles characters,sig392.jpg,Illegible,1,Adif,1.5,Illegible
sig393.jpg,Maji,3,Stylized cursive with underline,sig393.jpg,Illegible,1,Nthu,2,Illegible
sig394.jpg,Kafy,3,Short cursive name,sig394.jpg,Legible,5,C. Vigne,4,Legible
sig395.jpg,S H R,2,Initials only,sig395.jpg,Illegible,1,G. Houi,1.5,Illegible
sig396.jpg,(Stylized),1,Non-textual mark,sig396.jpg,Legible,5,G. Sauthu,3,Illegible
sig397.jpg,Amay,4,Clear cursive handwriting,sig397.jpg,Illegible,1,HT,2.5,Illegible
sig398.jpg,@,1,Symbol only,sig398.jpg,Illegible,1,Meuy,1,Illegible
sig399.jpg,K S,2,Initials only,sig399.jpg,Illegible,1,Kay,1.5,Illegible
sig400.jpg,Ameesha,4,Clearly written cursive name,sig400.jpg,Legible,5,STR,4.5,Legible
sig401.jpg,Sam,4,"Clear, simple handwritten name",sig401.jpg,Illegible,1,Suj,2.5,Illegible
sig402.jpg,Aashritha,4,Clear cursive with underline,sig402.jpg,Illegible,1,Cy,2.5,Illegible
sig403.jpg,Aadhya,3,"Stylized cursive, readable",sig403.jpg,Legible,5,Rathi,4,Legible
sig404.jpg,Bhav,3,Short name with underline flourish,sig404.jpg,Legible,5,Ashuika,4,Legible
sig405.jpg,Sru,2,Abbreviated stylized signature,sig405.jpg,Legible,5,Prahnyay,3.5,Legible
sig406.jpg,Jay,3,Initial-style cursive,sig406.jpg,Illegible,1,Mi,2,Illegible
sig407.jpg,Rafi,3,Readable cursive with flourish,sig407.jpg,Illegible,1,HHa,2,Illegible
sig408.jpg,Aashwitha,4,Clearly written cursive name,sig408.jpg,Legible,5,Unmesha,4.5,Legible
sig409.jpg,Eerghyal,3,Stylized cursive; some letters unclear,sig409.jpg,Legible,5,Vail,4,Legible
sig410.jpg,Miu,2,Initial-style short signature,sig410.jpg,Illegible,1,Aij,1.5,Illegible
sig411.jpg,Ajith,3,Rounded cursive; readable,sig411.jpg,Legible,5,Lirisha B,4,Legible
sig412.jpg,Unmesha,4,Clearly written with underline,sig412.jpg,Illegible,1,U,2.5,Illegible
sig413.jpg,Vijay,4,Clear cursive handwriting,sig413.jpg,Legible,5,Seey,4.5,Legible
sig414.jpg,Diya,4,Clear cursive with underline,sig414.jpg,Legible,5,Kauthika,4.5,Legible
sig415.jpg,Sirishab,3,Stylized cursive,sig415.jpg,Illegible,1,Sy,2,Illegible
sig416.jpg,(Symbolic),1,Looped symbol only,sig416.jpg,Illegible,1,Bsuy,1,Illegible
sig417.jpg,Deep,4,Clear handwritten name,sig417.jpg,Legible,5,Sam,4.5,Legible
sig418.jpg,Rathika,4,"Clear cursive, legible",sig418.jpg,Illegible,1,Aashay,2.5,Illegible
sig419.jpg,Sri,3,Short stylized cursive,sig419.jpg,Illegible,1,Ma,2,Illegible
sig420.jpg,Brey,4,Clear cursive handwriting,sig420.jpg,Legible,5,Bhay,4.5,Legible
sig421.jpg,Q,2,Stylized single-letter signature,sig421.jpg,Illegible,1,8,1.5,Illegible
sig422.jpg,Desh,3,Short stylized cursive,sig422.jpg,Illegible,1,Dssj,2,Illegible
sig423.jpg,Suresh,4,Clearly written cursive name,sig423.jpg,Illegible,1,Suif,2.5,Illegible
sig424.jpg,Jarvis,3,Readable cursive with flourish,sig424.jpg,Illegible,1,Jasha,2,Illegible
sig425.jpg,Sudheer,4,Clear cursive with underline,sig425.jpg,Legible,5,Sahas,4.5,Legible
sig426.jpg,C. Shasra,3,Initial with stylized surname,sig426.jpg,Legible,5,Sirdou,4,Legible
sig427.jpg,Siddous,3,Stylized cursive with underline,sig427.jpg,Illegible,1,P. Bluy,2,Illegible
sig428.jpg,P. Hari,4,Initial and surname clearly written,sig428.jpg,Illegible,1,Praut,2.5,Illegible
sig429.jpg,Pranav,4,Clear handwritten name,sig429.jpg,Legible,5,Fafuia,4.5,Legible
sig430.jpg,Safua,3,Readable cursive,sig430.jpg,Legible,5,S. Preethi,4,Legible
sig431.jpg,S. Preethi,4,Initial with clear name,sig431.jpg,Legible,5,K. Hahai,4.5,Legible
sig432.jpg,K. Aahoj,3,Initial with stylized surname,sig432.jpg,Illegible,1,Ay,2,Illegible
sig433.jpg,Ajay,3,Short stylized cursive,sig433.jpg,Legible,5,Tejro,4,Legible
sig434.jpg,Teju,2,Highly stylized initials,sig434.jpg,Illegible,1,Huf,1.5,Illegible
sig435.jpg,Ravi,4,Clear cursive with underline,sig435.jpg,Legible,5,Ashee,4.5,Legible
sig436.jpg,Ashu,4,Clear printed name,sig436.jpg,Illegible,1,Clui,2.5,Illegible
sig437.jpg,Cont,2,Symbolic / abbreviated mark,sig437.jpg,Legible,5,Megh,3.5,Legible
sig438.jpg,Megha,4,Clear cursive with underline,sig438.jpg,Illegible,1,Sai,2.5,Illegible
sig439.jpg,Sri,3,Short stylized cursive,sig439.jpg,Illegible,1,Guyan,2,Illegible
sig440.jpg,Mallli,3,Cursive; letters slightly merged,sig440.jpg,Legible,5,Madlhi,4,Legible
sig441.jpg,Aarav,3,Stylized cursive,sig441.jpg,Legible,5,Venya,4,Legible
sig442.jpg,Day,3,Short cursive with underline,sig442.jpg,Illegible,1,Al,2,Illegible
sig443.jpg,Denya,4,Clear cursive name,sig443.jpg,Illegible,1,Kuu,2.5,Illegible
sig444.jpg,Anil,3,"Initial flourish, readable",sig444.jpg,Legible,5,Madha,4,Legible
sig445.jpg,Karth,3,"Partial name, clear strokes",sig445.jpg,Illegible,1,Lahja,2,Illegible
sig446.jpg,Madhuri,4,Clear cursive signature,sig446.jpg,Illegible,1,Ay,2.5,Illegible
sig447.jpg,Natraj,4,Clear cursive with underline,sig447.jpg,Illegible,1,SF,2.5,Illegible
sig448.jpg,Ajay,4,Clear single-name signature,sig448.jpg,Illegible,1,H,2.5,Illegible
sig449.jpg,A,2,Single-letter stylized mark,sig449.jpg,Illegible,1,H,1.5,Illegible
sig450.jpg,A,1,Minimal single character,sig450.jpg,Illegible,1,A,1,Illegible
sig451.jpg,Hb,2,Initial-style signature,sig451.jpg,Illegible,1,H,1.5,Illegible
sig452.jpg,Amar,4,Clear cursive with underline,sig452.jpg,Illegible,1,Messj,2.5,Illegible
sig453.jpg,L,2,Single initial with underline,sig453.jpg,Illegible,1,F,1.5,Illegible
sig454.jpg,Masif,4,Clear cursive handwriting,sig454.jpg,Legible,5,Vishi,4.5,Legible
sig455.jpg,S,1,Single symbolic stroke,sig455.jpg,Illegible,1,X,1,Illegible
sig456.jpg,Aditi Patil,4,Full name clearly written,sig456.jpg,Legible,5,Vrashui Tho,4.5,Legible
sig457.jpg,Adit,3,Stylized cursive,sig457.jpg,Legible,5,Adifi Partil,4,Legible
sig458.jpg,Kashyap,3,Readable cursive with flourish,sig458.jpg,Legible,5,Ahy TD,4,Legible
sig459.jpg,Anas,3,Stylized cursive,sig459.jpg,Illegible,1,MJ,2,Illegible
sig460.jpg,Saty D,3,"Initial with surname, readable",sig460.jpg,Illegible,1,Shy,2,Illegible
sig461.jpg,Qf,2,Stylized initials,sig461.jpg,Illegible,1,I,1.5,Illegible
sig462.jpg,S,1,Single symbolic stroke,sig462.jpg,Legible,5,N Hanutha,3,Illegible
sig463.jpg,Susrutha,4,Clearly written with underline,sig463.jpg,Legible,5,Sahithy,4.5,Legible
sig464.jpg,P M,2,Initials only,sig464.jpg,Illegible,1,H,1.5,Illegible
sig465.jpg,Abhi,3,Short readable name,sig465.jpg,Illegible,1,Huy,2,Illegible
sig466.jpg,Sindh,3,"Cursive, slightly stylized",sig466.jpg,Legible,5,N Preefan,4,Legible
sig467.jpg,Kush,4,Clearly written printed name,sig467.jpg,Legible,5,Mulhaseey,4.5,Legible
sig468.jpg,@,1,Symbol only,sig468.jpg,Legible,5,Manuy,3,Illegible
sig469.jpg,M Powell,4,Full name with underline,sig469.jpg,Legible,5,Kry,4.5,Legible
sig470.jpg,Sairity,4,Clear cursive with underline,sig470.jpg,Legible,5,Vennely,4.5,Legible
sig471.jpg,S,2,Stylized initial,sig471.jpg,Legible,5,Poiya,3.5,Legible
sig472.jpg,Jhay,4,Clear cursive handwriting,sig472.jpg,Illegible,1,Hl,2.5,Illegible
sig473.jpg,M. Reham,4,Initial and surname clearly written,sig473.jpg,Illegible,1,H,2.5,Illegible
sig474.jpg,Mohredd,3,Readable cursive,sig474.jpg,Illegible,1,Ahp,2,Illegible
sig475.jpg,Monu,4,Clear handwritten name,sig475.jpg,Illegible,1,SS,2.5,Illegible
sig476.jpg,Kny,2,Stylized short initials,sig476.jpg,Legible,5,Susrutha,3.5,Legible
sig477.jpg,Vennely,4,Clear cursive with underline,sig477.jpg,Illegible,1,Puy,2.5,Illegible
sig478.jpg,Divy,4,"Clear cursive, legible",sig478.jpg,Legible,5,Abbi,4.5,Legible
sig479.jpg,Ol,2,Initial-like symbol,sig479.jpg,Illegible,1,Siij,1.5,Illegible
sig480.jpg,An,2,Short stylized initials,sig480.jpg,Legible,5,Kusi,3.5,Legible
sig481.jpg,R. Siddhant,3,Readable but stylized,sig481.jpg,Illegible,1,CS,2,Illegible
sig482.jpg,K. Dev,3,Initial with flowing surname,sig482.jpg,Legible,5,Stellaf,4,Legible
sig483.jpg,Karthikey,4,Clearly written with underline,sig483.jpg,Legible,5,Kaithiki,4.5,Legible
sig484.jpg,N H,2,Initial-style strokes,sig484.jpg,Legible,5,Vyshnaui,3.5,Legible
sig485.jpg,Ben,3,Short stylized name,sig485.jpg,Illegible,1,V. Auil,2,Illegible
sig486.jpg,R. Shres,3,Initial with cursive surname,sig486.jpg,Illegible,1,Sooy,2,Illegible
sig487.jpg,(Symbolic),1,Non-textual curved mark,sig487.jpg,Legible,5,Anushka,3,Illegible
sig488.jpg,Sharat,4,Clear printed name,sig488.jpg,Legible,5,Birdiyliy,4.5,Legible
sig489.jpg,dattike,3,"Lowercase cursive, readable",sig489.jpg,Illegible,1,Lic,2,Illegible
sig490.jpg,Upasana,4,Clear cursive with underline,sig490.jpg,Illegible,1,Lawhu,2.5,Illegible
sig491.jpg,V. Anuj,4,Initial and name clearly written,sig491.jpg,Illegible,1,gy,2.5,Illegible
sig492.jpg,Sreel,3,Stylized cursive,sig492.jpg,Legible,5,Meha,4,Legible
sig493.jpg,Anushka,4,Clear cursive signature,sig493.jpg,Legible,5,Adhithya,4.5,Legible
sig494.jpg,Bindu y S,3,Readable name with flourish,sig494.jpg,Legible,5,Coultany,4,Legible
sig495.jpg,(Initials),2,Short initials only,sig495.jpg,Illegible,1,Rasuchay,1.5,Illegible
sig496.jpg,Lohith,4,Clear cursive handwriting,sig496.jpg,Illegible,1,K. Jei,2.5,Illegible
sig497.jpg,Rizof,3,Stylized cursive,sig497.jpg,Legible,5,Kashkay,4,Legible
sig498.jpg,Melo,4,Clear and repeated strokes,sig498.jpg,Illegible,1,VH,2.5,Illegible
sig499.jpg,Adithya,4,Clear cursive with underline,sig499.jpg,Illegible,1,Suu,2.5,Illegible
sig500.jpg,Goutham,4,Clear cursive handwriting,sig500.jpg,Legible,5,Keshur,4.5,Legible
sig501.jpg,Somay,4,Clearly written short name,sig501.jpg,Illegible,1,ASP,2.5,Illegible
sig502.jpg,ASP,2,Initials with underline,sig502.jpg,Legible,5,V. Sidhitha,3.5,Legible
sig503.jpg,V. Siddhika,4,Initial and name clearly written,sig503.jpg,Illegible,1,Out of bounds,2.5,Illegible
sig504.jpg,Y. Naidu,4,Initial and surname legible,sig504.jpg,Illegible,1,Hethi,2.5,Illegible
sig505.jpg,Ruth,4,Clear cursive name,sig505.jpg,Illegible,1,Kauya,2.5,Illegible
sig506.jpg,Kayce,4,Clear cursive with underline,sig506.jpg,Illegible,1,Tuluuy,2.5,Illegible
sig507.jpg,Tulup,3,Stylized cursive with underline,sig507.jpg,Legible,5,Haskaval,4,Legible
sig508.jpg,Madhav,4,Clear bold handwriting,sig508.jpg,Legible,5,K. Srivani,4.5,Legible
sig509.jpg,K. Srivast,3,Initial with partially abbreviated surname,sig509.jpg,Illegible,1,Ahy,2,Illegible
sig510.jpg,Abh,2,Short stylized initials,sig510.jpg,Legible,5,B' Liklithya,3.5,Legible
sig511.jpg,B. Velchita,4,Initial and surname clearly written,sig511.jpg,Legible,5,Bhabana Dash,4.5,Legible
sig512.jpg,Bhabana Dash,4,Full name clearly written,sig512.jpg,Legible,5,Kishil B,4.5,Legible
sig513.jpg,Kritika B,4,Name and initial clearly written,sig513.jpg,Illegible,1,Suy,2.5,Illegible
sig514.jpg,Sneha,4,Clear cursive with underline,sig514.jpg,Illegible,1,Rv,2.5,Illegible
sig515.jpg,RV,2,Stylized initials only,sig515.jpg,Legible,5,Anujah,3.5,Legible
sig516.jpg,Anjali,4,Clear printed name,sig516.jpg,Legible,5,Sreiya,4.5,Legible
sig517.jpg,Sneya,4,Clear cursive handwriting,sig517.jpg,Legible,5,A. S. L. Prau,4.5,Legible
sig518.jpg,A.S. Prasad,4,Initials and surname legible,sig518.jpg,Legible,5,Ch. Uijaya Priy,4.5,Legible
sig519.jpg,Ch. Upaya Moy,3,Initial with multi-part name,sig519.jpg,Legible,5,G. Divya,4,Legible
sig520.jpg,G. Divya,4,Initial and name clearly written,sig520.jpg,Legible,5,Kamay,4.5,Legible
sig521.jpg,Surya,4,Clear cursive name,sig521.jpg,Legible,5,B. Haripriy,4.5,Legible
sig522.jpg,Sanduni,4,Clear cursive with underline,sig522.jpg,Legible,5,Teemtara,4.5,Legible
sig523.jpg,Tanushka,4,Clear cursive handwriting,sig523.jpg,Legible,5,E. Sathwika,4.5,Legible
sig524.jpg,Christal,4,Stylized but readable,sig524.jpg,Legible,5,Ch. Gowthami,4.5,Legible
sig525.jpg,B. Swathi,4,Initial and name clearly written,sig525.jpg,Illegible,1,P. Srawy,2.5,Illegible
sig526.jpg,Tjani,3,Stylized signature,sig526.jpg,Legible,5,Pravallika,4,Legible
sig527.jpg,B. Nalapriy,3,Initial with stylized surname,sig527.jpg,Legible,5,K. Pushpa,4,Legible
sig528.jpg,Keertana,4,Clear cursive with underline,sig528.jpg,Legible,5,S. Ganvika,4.5,Legible
sig529.jpg,E. Sathwika,4,Initial and name clearly written,sig529.jpg,Legible,5,P. Shavani,4.5,Legible
sig530.jpg,Ch. Gouthami,4,Initial and surname legible,sig530.jpg,Illegible,1,Pawyhuth,2.5,Illegible
sig531.jpg,P. Sravya,4,Initial with clear surname,sig531.jpg,Illegible,1,S. Key,2.5,Illegible
sig532.jpg,Pravallika,4,Clearly written printed letters,sig532.jpg,Legible,5,Pahartu,4.5,Legible
sig533.jpg,K. Pushpa,4,Initial and name legible,sig533.jpg,Legible,5,HBhowmik,4.5,Legible
sig534.jpg,S. Sainvika,4,Initial and name clearly written,sig534.jpg,Illegible,1,w,2.5,Illegible
sig535.jpg,P. Sharoni,4,Initial with clear surname,sig535.jpg,Legible,5,Suya,4.5,Legible
sig536.jpg,Panyanitha,3,Stylized cursive,sig536.jpg,Legible,5,Sandini,4,Legible
sig537.jpg,Syfeeya,3,Stylized cursive with underline,sig537.jpg,Illegible,1,Tawkholip,2,Illegible
sig538.jpg,Prantha,3,Readable cursive with underline,sig538.jpg,Illegible,1,Ch. Bhul,2,Illegible
sig539.jpg,H Sahoonik,3,Initial and surname readable,sig539.jpg,Legible,5,B. Swathi,4,Legible
sig540.jpg,MZ,2,Initial-style symbolic mark,sig540.jpg,Illegible,1,Cjari,1.5,Illegible
sig541.jpg,Kajal,4,Clear printed name,sig541.jpg,Legible,5,K. Hima Bindhu,4.5,Legible
sig542.jpg,P. Anjali,4,Initial and name underlined,sig542.jpg,Illegible,1,Chi,2.5,Illegible
sig543.jpg,Bhagyasri,4,Clear cursive handwriting,sig543.jpg,Illegible,1,Ahool,2.5,Illegible
sig544.jpg,K. Roshika,4,Initial and name clearly written,sig544.jpg,Illegible,1,Kiti,2.5,Illegible
sig545.jpg,Y. Suvanee,4,Initial and name with underline,sig545.jpg,Legible,5,Kajal,4.5,Legible
sig546.jpg,Rashi Kaur,4,First and last name underlined,sig546.jpg,Illegible,1,P. Awuilhi,2.5,Illegible
sig547.jpg,Vaishnavi,4,Stylized cursive but readable,sig547.jpg,Illegible,1,Bhayahi,2.5,Illegible
sig548.jpg,Rinki Dutta,4,Clear full name,sig548.jpg,Legible,5,M. Rushika,4.5,Legible
sig549.jpg,Sneha Ghosh,4,Clear cursive name,sig549.jpg,Legible,5,Y. Suvana,4.5,Legible
sig550.jpg,k. Gretha,3,"Initial and name, slightly uneven",sig550.jpg,Legible,5,Rashi Kewu,4,Legible
sig551.jpg,Y. Villutla,3,Initial and surname readable,sig551.jpg,Legible,5,Vaishnai,4,Legible
sig552.jpg,B. Shivani,4,Initial and first name underlined,sig552.jpg,Legible,5,Rinki Dutha,4.5,Legible
sig553.jpg,Dhi,2,Short stylized mark,sig553.jpg,Illegible,1,Out of bounds,1.5,Illegible
sig554.jpg,Swathi Barija,4,Clear full name,sig554.jpg,Legible,5,K. Geetha,4.5,Legible
sig555.jpg,A. Singh,4,Initial and surname clearly written,sig555.jpg,Illegible,1,I. Lilllutla,2.5,Illegible
sig556.jpg,Sunita Shaw,4,Clear printed name,sig556.jpg,Legible,5,B. Shivani,4.5,Legible
sig557.jpg,Kritima Bindra,4,Clear full name,sig557.jpg,Legible,5,Dhu,4.5,Legible
sig558.jpg,Chu,2,Short symbolic initials,sig558.jpg,Legible,5,Swati Parija,3.5,Legible
sig559.jpg,Alhad,3,Stylized single name,sig559.jpg,Legible,5,A. Singh,4,Legible
sig560.jpg,Guti,3,Short cursive name,sig560.jpg,Legible,5,Surmita Shaw,4,Legible
sig561.jpg,Jhansi,4,Clear printed name,sig561.jpg,Legible,5,A. Zy'al,4.5,Legible
sig562.jpg,A. Aishwarya,4,Initial and name clearly written,sig562.jpg,Legible,5,D. Amani,4.5,Legible
sig563.jpg,M. K. Sravan,3,"Initials with surname, readable",sig563.jpg,Illegible,1,Hy,2,Illegible
sig564.jpg,P S,2,Initial-style signature,sig564.jpg,Illegible,1,Cth,1.5,Illegible
sig565.jpg,A. Zya,3,Initial and short name underlined,sig565.jpg,Legible,5,K. Sahiki,4,Legible
sig566.jpg,D. Amani,4,Initial and name clearly written,sig566.jpg,Legible,5,V. Ashritha,4.5,Legible
sig567.jpg,(Symbolic),1,Non-textual abstract mark,sig567.jpg,Legible,5,T. Manasvi,3,Illegible
sig568.jpg,Abhilash,3,Stylized cursive with underline,sig568.jpg,Illegible,1,Prwrj,2,Illegible
sig569.jpg,L. Sahila,4,Initial and name clearly written,sig569.jpg,Legible,5,Lohitha,4.5,Legible
sig570.jpg,N. Ashritha,4,Initial and name legible,sig570.jpg,Illegible,1,B. Nlagaljy,2.5,Illegible
sig571.jpg,T. Manasvi,4,Initial and name clearly written,sig571.jpg,Legible,5,Haridarshah,4.5,Legible
sig572.jpg,Pranj,2,Short stylized mark,sig572.jpg,Legible,5,Akeen Begum,3.5,Legible
sig573.jpg,Kolitha,4,Clear cursive with underline,sig573.jpg,Illegible,1,Hawp,2.5,Illegible
sig574.jpg,B. Nagadevi,4,Initial and surname legible,sig574.jpg,Legible,5,Sravauthi,4.5,Legible
sig575.jpg,Haridharshan,4,Clear printed name,sig575.jpg,Legible,5,E. P. N.,4.5,Legible
sig576.jpg,Aleen Begum,4,Clear full name,sig576.jpg,Illegible,1,Gp,2.5,Illegible
sig577.jpg,Pavi,3,Stylized cursive,sig577.jpg,Legible,5,Thansi,4,Legible
sig578.jpg,Sravanthi,4,Clear cursive with underline,sig578.jpg,Legible,5,A. Aishwarya,4.5,Legible
sig579.jpg,E P D,2,Initials only,sig579.jpg,Illegible,1,M. K. Sraeexui,1.5,Illegible
sig580.jpg,Ch A,2,Initial-style symbolic mark,sig580.jpg,Illegible,1,PS,1.5,Illegible
sig581.jpg,Sami,3,Short stylized name,sig581.jpg,Illegible,1,Samuit,2,Illegible
sig582.jpg,P. Suvarna,4,Initial and name clearly written,sig582.jpg,Legible,5,P. Suvarna,4.5,Legible
sig583.jpg,(Stylized),1,Abstract cursive mark,sig583.jpg,Illegible,1,sj,1,Illegible
sig584.jpg,(Stylized),1,Circular symbolic mark,sig584.jpg,Illegible,1,sk,1,Illegible
sig585.jpg,T D Sureshini,3,Initials and surname handwritten,sig585.jpg,Legible,5,T. D. S. Vonshiui,4,Legible
sig586.jpg,R. Lahitha Rathod,4,Full name clearly written,sig586.jpg,Legible,5,R. Lithitha Rathod,4.5,Legible
sig587.jpg,P D,2,Initials with underline,sig587.jpg,Illegible,1,P. DU,1.5,Illegible
sig588.jpg,Lajan,4,Clear cursive name,sig588.jpg,Illegible,1,Larjan,2.5,Illegible
sig589.jpg,Dhar,3,Stylized cursive,sig589.jpg,Illegible,1,Duy,2,Illegible
sig590.jpg,J,2,Single initial,sig590.jpg,Illegible,1,V,1.5,Illegible
sig591.jpg,Y,2,Single initial,sig591.jpg,Illegible,1,L,1.5,Illegible
sig592.jpg,Anu,3,Stylized cursive mark,sig592.jpg,Illegible,1,HS,2,Illegible
sig593.jpg,(Stylized),2,Abstract cursive signature,sig593.jpg,Illegible,1,AM,1.5,Illegible
sig594.jpg,Akash,3,Stylized with underline,sig594.jpg,Illegible,1,Huy,2,Illegible
sig595.jpg,N. C. Madhushekar,4,Initials and surname clearly written,sig595.jpg,Legible,5,N. G. Hadhuile,4.5,Legible
sig596.jpg,Divy,3,Stylized cursive,sig596.jpg,Illegible,1,Diu,2,Illegible
sig597.jpg,Ravi,4,Clear handwritten name,sig597.jpg,Illegible,1,Bavi,2.5,Illegible
sig598.jpg,Sri,3,Short cursive name,sig598.jpg,Illegible,1,Si,2,Illegible
sig599.jpg,S,2,Minimal symbolic stroke,sig599.jpg,Illegible,1,H,1.5,Illegible
sig600.jpg,K Madhu,3,Initial and name readable,sig600.jpg,Illegible,1,A. Lac Kalll,2,Illegible
sig601.jpg,Anudeep,3,Stylized cursive name,sig601.jpg,Illegible,1,Auuud,2,Illegible
sig602.jpg,Dinesh,4,Clear cursive with underline,sig602.jpg,Illegible,1,Cy,2.5,Illegible
sig603.jpg,(Stylized),1,Abstract symbolic mark,sig603.jpg,Illegible,1,Bkhra,1,Illegible
sig604.jpg,Bharat,3,Stylized cursive with underline,sig604.jpg,Legible,5,VSK,4,Legible
sig605.jpg,SK,2,Initial-style signature,sig605.jpg,Illegible,1,Riley,1.5,Illegible
sig606.jpg,Raj,3,Short cursive name,sig606.jpg,Illegible,1,Kliy,2,Illegible
sig607.jpg,K V,2,Initials only,sig607.jpg,Illegible,1,Awan,1.5,Illegible
sig608.jpg,Aung,3,Stylized cursive signature,sig608.jpg,Illegible,1,G. Carninasrie,2,Illegible
sig609.jpg,B. Somanath,4,Surname clearly written,sig609.jpg,Illegible,1,Phd,2.5,Illegible
sig610.jpg,Rohan,3,Stylized cursive,sig610.jpg,Illegible,1,Cuy,2,Illegible
sig611.jpg,Riya,4,Clear cursive name,sig611.jpg,Illegible,1,Cuny,2.5,Illegible
sig612.jpg,Anup,3,Stylized with underline,sig612.jpg,Illegible,1,RA,2,Illegible
sig613.jpg,Vip,3,Short stylized name,sig613.jpg,Illegible,1,Ait,2,Illegible
sig614.jpg,J,2,Single initial with cross,sig614.jpg,Illegible,1,S,1.5,Illegible
sig615.jpg,8,1,Symbol only,sig615.jpg,Illegible,1,R,1,Illegible
sig616.jpg,R,2,Single initial,sig616.jpg,Legible,5,Galateju,3.5,Legible
sig617.jpg,Gowrejo,4,Name clearly readable with underline,sig617.jpg,Illegible,1,S,2.5,Illegible
sig618.jpg,S,2,Single initial with underline,sig618.jpg,Illegible,1,Ruu,1.5,Illegible
sig619.jpg,(Stylized),1,Abstract underline mark,sig619.jpg,Illegible,1,Ku,1,Illegible
sig620.jpg,KZ,2,Initial-style mark,sig620.jpg,Illegible,1,Dtuuhuuy,1.5,Illegible
sig621.jpg,Adams,3,Stylized cursive with underline,sig621.jpg,Illegible,1,Ldns,2,Illegible
sig622.jpg,Har,3,Short cursive name,sig622.jpg,Illegible,1,Hr,2,Illegible
sig623.jpg,Qnp,2,Abbreviated stylized mark,sig623.jpg,Illegible,1,Kn,1.5,Illegible
sig624.jpg,M,1,Single symbolic stroke,sig624.jpg,Illegible,1,N,1,Illegible
sig625.jpg,P. Ranj,3,Initial and stylized name,sig625.jpg,Illegible,1,P Sau,2,Illegible
sig626.jpg,DJ,2,Initial-style signature,sig626.jpg,Illegible,1,DS,1.5,Illegible
sig627.jpg,B S R,2,Initials only,sig627.jpg,Illegible,1,BSN,1.5,Illegible
sig628.jpg,Rajes,3,Stylized cursive with underline,sig628.jpg,Illegible,1,RN,2,Illegible
sig629.jpg,V S R,2,Initials with underline,sig629.jpg,Illegible,1,VSH,1.5,Illegible
sig630.jpg,Ronal,3,Stylized scribble signature,sig630.jpg,Illegible,1,AAdny,2,Illegible
sig631.jpg,Pem,3,Short cursive name,sig631.jpg,Illegible,1,Duy,2,Illegible
sig632.jpg,Clint,4,Clear cursive name,sig632.jpg,Illegible,1,Cn,2.5,Illegible
sig633.jpg,Deep,4,Clear handwritten name,sig633.jpg,Illegible,1,Duuya,2.5,Illegible
sig634.jpg,Gopi,4,Clear cursive handwriting,sig634.jpg,Illegible,1,Chuus,2.5,Illegible
sig635.jpg,Hiral,4,Clearly written with underline,sig635.jpg,Illegible,1,Hul,2.5,Illegible
sig636.jpg,Day,3,Stylized cursive,sig636.jpg,Illegible,1,Haj,2,Illegible
sig637.jpg,Bru,2,Short stylized initials,sig637.jpg,Illegible,1,Ra,1.5,Illegible
sig638.jpg,K R,2,Initial-style mark,sig638.jpg,Illegible,1,Vish,1.5,Illegible
sig639.jpg,Thanuja,4,Clear cursive with underline,sig639.jpg,Illegible,1,Thonugee,2.5,Illegible
sig640.jpg,Srw,2,Abbreviated stylized mark,sig640.jpg,Illegible,1,Lu,1.5,Illegible
sig641.jpg,Jayantha,3,Cursive name; slightly stylized,sig641.jpg,Illegible,1,Knushi,2,Illegible
sig642.jpg,Praveen,3,Stylized cursive handwriting,sig642.jpg,Illegible,1,Pradjk,2,Illegible
sig643.jpg,Pradeep,3,Readable cursive with underline,sig643.jpg,Illegible,1,Aajjuy,2,Illegible
sig644.jpg,Aje,3,Short cursive name,sig644.jpg,Illegible,1,Rushya,2,Illegible
sig645.jpg,(Stylized),2,Highly stylized cursive mark,sig645.jpg,Illegible,1,NM,1.5,Illegible
sig646.jpg,M,1,Single-letter symbolic mark,sig646.jpg,Legible,5,A,3,Illegible
sig647.jpg,A,1,Single-letter symbolic mark,sig647.jpg,Illegible,1,Sj,1,Illegible
sig648.jpg,D L,2,Initial-style signature,sig648.jpg,Illegible,1,Pashuy,1.5,Illegible
sig649.jpg,Radhy,3,Stylized cursive with flourish,sig649.jpg,Illegible,1,Vl,2,Illegible
sig650.jpg,O J,2,Initial-style mark,sig650.jpg,Illegible,1,CS,1.5,Illegible
sig651.jpg,B,1,Symbolic single stroke,sig651.jpg,Illegible,1,Dh,1,Illegible
sig652.jpg,Re,2,Short abbreviated mark,sig652.jpg,Illegible,1,Dha,1.5,Illegible
sig653.jpg,Ch,2,Initial-style cursive,sig653.jpg,Illegible,1,Pra,1.5,Illegible
sig654.jpg,D,2,Single initial with underline,sig654.jpg,Illegible,1,HSN,1.5,Illegible
sig655.jpg,Son,2,Highly stylized short mark,sig655.jpg,Illegible,1,Deeuri,1.5,Illegible
sig656.jpg,Seenu,4,Clear handwritten name,sig656.jpg,Illegible,1,Kdu,2.5,Illegible
sig657.jpg,Hari,4,Clear cursive handwriting,sig657.jpg,Illegible,1,Sj,2.5,Illegible
sig658.jpg,Z,2,Single-letter stylized mark,sig658.jpg,Illegible,1,Aahiby,1.5,Illegible
sig659.jpg,Rabby,3,Stylized cursive with underline,sig659.jpg,Illegible,1,Anjk,2,Illegible
sig660.jpg,Anju,4,Clear cursive name with underline,sig660.jpg,Legible,5,Hayukha,4.5,Legible
sig661.jpg,Sukesh,4,Clearly written cursive name,sig661.jpg,Legible,5,Suhas,4.5,Legible
sig662.jpg,(Stylized),2,Abstract looping mark,sig662.jpg,Illegible,1,A,1.5,Illegible
sig663.jpg,N,2,Single stylized initial,sig663.jpg,Illegible,1,A,1.5,Illegible
sig664.jpg,J,2,Single initial with flourish,sig664.jpg,Illegible,1,D,1.5,Illegible
sig665.jpg,Ch. Barla,4,Initial and surname clearly encircled,sig665.jpg,Legible,5,Ch Krishu,4.5,Legible
sig666.jpg,Abhi,4,Clear short name with underline,sig666.jpg,Legible,5,Avhi,4.5,Legible
sig667.jpg,Abhi,3,Repeated stylized short name,sig667.jpg,Illegible,1,Rh,2,Illegible
sig668.jpg,Rk,2,Initial-style cursive mark,sig668.jpg,Illegible,1,S,1.5,Illegible
sig669.jpg,S,2,Single initial with flourish,sig669.jpg,Legible,5,B. Kowilta,3.5,Legible
sig670.jpg,B. Kavita,4,Initial and name clearly written,sig670.jpg,Illegible,1,B. Xhij,2.5,Illegible
sig671.jpg,B. Karth,3,Initial and stylized surname,sig671.jpg,Illegible,1,Li Dai,2,Illegible
sig672.jpg,Shravi,4,Clear cursive name,sig672.jpg,Illegible,1,Bradl,2.5,Illegible
sig673.jpg,Leady,3,Stylized cursive handwriting,sig673.jpg,Illegible,1,Vish,2,Illegible
sig674.jpg,M,2,Stylized single-letter mark,sig674.jpg,Legible,5,K. Visaykumar,3.5,Legible
sig675.jpg,K. Vijay Kumar,4,Clear printed full name,sig675.jpg,Legible,5,P. Ananya,4.5,Legible
sig676.jpg,R. Ananya,4,Initial and name clearly written,sig676.jpg,Legible,5,V. R,4.5,Legible
sig677.jpg,V R,2,Initial-style signature,sig677.jpg,Illegible,1,Aloln,1.5,Illegible
sig678.jpg,Hb,2,Abbreviated stylized mark,sig678.jpg,Illegible,1,Cdelin,1.5,Illegible
sig679.jpg,Adelw,4,Clear cursive with underline,sig679.jpg,Legible,5,Md. Aguib,4.5,Legible
sig680.jpg,Md. Arif,4,Initial and surname legible,sig680.jpg,Illegible,1,S,2.5,Illegible
sig681.jpg,(Stylized),2,Abstract looping mark with underline,sig681.jpg,Illegible,1,Vin,1.5,Illegible
sig682.jpg,Prasanna,4,Clearly written cursive name,sig682.jpg,Legible,5,Prasawa,4.5,Legible
sig683.jpg,Sanjay,3,Stylized cursive handwriting,sig683.jpg,Illegible,1,Samsnaly,2,Illegible
sig684.jpg,Dattli,4,Clear cursive name encircled,sig684.jpg,Legible,5,Dathliy,4.5,Legible
sig685.jpg,Kavya Reddy,4,Clear full name with underline,sig685.jpg,Legible,5,Laya Reddy,4.5,Legible
sig686.jpg,Krishna,3,Stylized cursive with underline,sig686.jpg,Legible,5,Y Hikhithi,4,Legible
